URL Source,Article,Summary
https://www.bbc.com/bengali/news-54770021,ফরাসী প্রেসিডেন্ট ম্যাক্রঁ: 'নবীর কার্টুন নিয়ে মুসলিমরা কেন ক্ষুব্ধ আমি বুঝতে পারি',"ফরাসী প্রেসিডেন্ট এমানুয়েল ম্যাক্রঁ বলেছেন, ইসলামের নবীকে নিয়ে আঁকা বিতর্কিত ব্যঙ্গচিত্রের কারণে মুসলিমরা কেন এতটা ক্ষুব্ধ হয়েছিল সেটা তিনি বুঝতে পারেন। তবে এর কারণে সহিংসতার যুক্তি তিনি কোনদিনই মানতে পারবেন না।"
https://www.bbc.com/bengali/news-56230347,"মিয়ানমারে সেনা অভ্যুত্থানের বিরুদ্ধে বিক্ষোভের রক্তাক্ত দিন, সহিংসতায় ১৮ জন নিহত",জাতিসংঘের মানবাধিকার বিষয়ক সংস্থার পক্ষ থেকে বলা হয়েছে মিয়ানমারে সামরিক অভ্যুত্থানের বিরুদ্ধে চলমান বিক্ষোভের সময় আজ রবিবার কমপক্ষে ১৮ জন নিহত হয়েছে।
https://www.bbc.com/bengali/news-51083336,মহাকাশে পর্যটন: মিলিয়ন ডলার খরচ করে মহাকাশে যাচ্ছেন প্রথম যে পর্যটকরা,গত ১৫ বছর ধরে কেটি মেইসনরুজ অপেক্ষা করছেন এমন এক সফরের জন্য যেটি তাকে পৃথিবী থেকে নিয়ে যাবে ভিন্ন এক জগতে।
https://www.bbc.com/bengali/news-55530158,ঢাকায় 'স্কুলছাত্রীকে ধর্ষণের পর হত্যা'র অভিযোগে এক তরুণ কারাগারে,বাংলাদেশে ঢাকায় একজন স্কুল ছাত্রীকে ধর্ষণের পর হত্যার অভিযোগে মামলায় অভিযুক্ত তরুণকে গ্রেফতারের পর তাকে আদালতে হাজির করে কারাগারে পাঠানো হয়েছে।
https://www.bbc.com/bengali/news-51130657,"মার্বেল দৌড় সবার আগেই শেষ করেছিল শিশুটি, কিন্তু পুরস্কার নেয়ার আগেই মারা গেল",ঝিনাইদহের শৈলকূপায় স্কুলের দৌড় প্রতিযোগিতায় অংশ নেয়া এক শিশু দৌড় শেষ হওয়া মাত্র মৃত্যুর কোলে ঢলে পড়ে।
https://www.bbc.com/bengali/news-49474607,যৌন হয়রানি: ছেলেদেরকে ধর্ষণ করবার ঘটনা মেয়েদের চাইতে কম না,প্রতিবেশির হাতে ধর্ষণের শিকার হয়েছিলো নয় বছর বয়সী রাকিব (ছদ্মনাম)। এরপর থেকেই তার আচরণ অস্বাভাবিক হয়ে যায়। সারাদিন চুপচাপ থাকে। অপরিচিত কাউকে দেখলেই ভয় পায়।
https://www.bbc.com/bengali/news-44764197,কেন থাইল্যান্ডের গুহা থেকে উদ্ধার পাওয়া চারজনকে নিয়ে এত গোপনীয়তা,"থাইল্যান্ড থেকে বিবিসির জোনাথন হেড বলছেন, এটা বিস্ময়কর যে রোববার উদ্ধার হওয়া চারজন কিশোরের বাবা-মাকেও হাসপাতালে নেওয়া হয়নি।"
https://www.bbc.com/bengali/news-55201330,"ভাসানচরে রোহিঙ্গাদের প্রথম দিন, উন্নয়ন সংস্থার নিন্দা",বাংলাদেশের দক্ষিণাঞ্চলে দুই দশক আগে জেগে ওঠা দ্বীপ ভাসানচরে একটি দিন পার করেছে সেখানে স্থানান্তরিত রোহিঙ্গা শরণার্থীরা। সেখানকার পরিবেশ দেখে বেশিরভাগ রোহিঙ্গা তাদের সন্তুষ্টির কথা জানিয়েছেন।
https://www.bbc.com/bengali/news-44425844,খালেদা জিয়া কি কারাগারে 'মাইল্ড স্ট্রোকে'র শিকার হয়েছিলেন,"বাংলাদেশে কারাবন্দী বিএনপি নেত্রী খালেদা জিয়ার স্বাস্থ্য পরিস্থিতি নিয়ে উদ্বেগ জানিয়ে তার ব্যক্তিগত চিকিৎসকরা জানিয়েছেন, আজ (শনিবার) কারাগারে তার সঙ্গে কথা বলে তাদের মনে হয়েছে কয়েকদিন আগে তিনি হয়তো মাইল্ড স্ট্রোকের শিকার হয়েছিলেন।"
https://www.bbc.com/bengali/news-51124170,সেলাই মেশিন কিভাবে নারীকে মুক্তি দিয়েছিল,১৮৫০ সালেও সামাজিক অগ্রগতির বিষয়টি ছিল পরাহত। এর কয়েক বছর আগে আমেরিকান ক্যাম্পেইনার এলিজাবেথ ক্যাডি স্ট্যানটন নারীদের ভোটাধিকার চেয়ে বিতর্ক তৈরি করেছিলেন।
https://www.bbc.com/bengali/news-44843943,বাংলাদেশে বিভিন্ন পেশায় সর্বনিন্ম মজুরী: যা জানা জরুরী,আপনি জানেন কি - বাংলাদেশে একজন শ্রমিক মাসে সর্বোচ্চ কত টাকা মজুরী পান?
https://www.bbc.com/bengali/news-45468700,বাংলাদেশের রাজধানী ঢাকায় প্রধান সড়কে লেগুনা বন্ধ নিয়ে যাত্রীদের মধ্যে নানা ধরণের প্রতিক্রিয়া,"ঢাকার কয়েকটি প্রধান সড়কে হিউম্যান হলার বা লেগুনা চলাচল ছিল স্বাভাবিক চিত্র, কারণ বাসের বিকল্প হিসেবে অনেকে এই লেগুনায় চড়েন।"
https://www.bbc.com/bengali/news-52266714,করোনাভাইরাস: পয়লা মে থেকে বিশ্বের তেল উৎপাদন রেকর্ড পরিমাণে কমানো হচ্ছে,করোনাভাইরাসের কারণে বিশ্ব জুড়ে লকডাউন পরিস্থিতির করণে জ্বালানি তেলের চাহিদা ও দাম কমে যাওয়ায় বিশ্বের তেল রপ্তানিকারক দেশগুলোর সংগঠন ওপেক এবং রাশিয়াসহ এর সহযোগী দেশসমূহ উৎপাদন ১০ শতাংশ কমিয়ে আনতে একমত হয়েছে।
https://www.bbc.com/bengali/news-57219019,"মাউন্ট নিরাগঙ্গে অগ্ন্যুৎপাত: শহরের ভেতরে লাভার স্রোত, বাড়ি ঘর ছেড়ে পালাচ্ছে মানুষ",গণতান্ত্রিক কঙ্গো প্রজাতন্ত্রে বড় আকারের একটি আগ্নেয়গিরিতে অগ্ন্যুৎপাত শুরু হওয়ার পর তার আশেপাশের বাড়িঘর ছেড়ে পালিয়ে গেছে হাজার হাজার মানুষ।
https://www.bbc.com/bengali/news-46057266,যৌন হয়রানি: বিশ্ব জুড়ে গুগল অফিসে শত শত কর্মী কর্মবিরতিতে,"বিশ্বজুড়ে গুগলের অফিসগুলোতে শত শত কর্মী আজ এক অভূতপূর্ব কর্মবিরতিতে যোগ দিয়েছেন। তারা গুগলে নারী কর্মীদের যৌন হয়রানির অভিযোগ এখন যে পদ্ধতিতে মিটমাট করা হয়, তার প্রতিবাদ জানাচ্ছেন।"
https://www.bbc.com/bengali/news-46576924,টিপস: অস্বাস্থ্যকর খাবার থেকে মন উঠাতে পারবেন যেভাবে,"বিজ্ঞানীরা বলছেন, চারটি উপায় মেনে চললে আপনার মন স্বয়ংক্রিয়ভাবেই স্বাস্থ্যকর খাবার গ্রহণে উৎসাহী হবে।"
https://www.bbc.com/bengali/news-55619086,সীমান্ত হত্যা: মেঘালয় সীমান্তে বিজিবির গুলিতে মৃত্যুর প্রতিবাদে ক্ষুব্ধ মেঘালয়ের গ্রাম,ভারতের সীমান্তরক্ষী বাহিনীর গুলিতে বাংলাদেশি নাগরিকদের মৃত্যুর পর সেখানে সীমান্তবর্তী গ্রামগুলোতে নিহতদের পরিবারে শোকের মাতম গত কয়েক বছরে বেশ পরিচিত দৃশ্য হয়ে উঠেছে।
https://www.bbc.com/bengali/news-55457331,বিশ্ব জুড়ে ছড়িয়ে পড়ছে নতুন ধরনের করোনাভাইরাস,"যুক্তরাজ্যে করোনাভাইরাসের যে নতুন ধরনটি পাওয়া গেছে, সেটি বিশ্বের আরও কয়েকটি দেশেও সনাক্ত হয়েছে। ইউরোপীয় দেশগুলোর বাইরে এই ভাইরাসটি পাওয়া গেছে কানাডা ও জাপানেও।"
https://www.bbc.com/bengali/news-52513769,"করোনাভাইরাস: পরীক্ষার ফলাফল শতভাগ নিশ্চিত না, বাংলাদেশে বিরূপ প্রভাবের আশঙ্কা",করোনাভাইরাসে বিশ্বব্যাপী যে পদ্ধতিতে নমুনা পরীক্ষা করা হচ্ছে সেটায় শতভাগ নিশ্চিত ফলাফল পাওয়া যায় না। এ কারণেই বিশ্বব্যাপী বার বার টেস্ট করার ওপর জোর দেয়া হচ্ছে।
https://www.bbc.com/bengali/news-50449838,আফগানিস্তানে যুদ্ধাপরাধ ধামাচাপা দেয়ার অভিযোগ ব্রিটিশ সরকার ও সেনাবাহিনীর বিরুদ্ধে,আফগানিস্তান এবং ইরাকে ব্রিটিশ বাহিনীর হাতে বেসামরিক নাগরিক নিহত হবার ধামাচাপা দেবার অভিযোগ উঠেছে যুক্তরাজ্যের সরকার এবং দেশটির সেনাবাহিনীর বিরুদ্ধে।
https://www.bbc.com/bengali/news-49173643,শিশুর ঘুমের সমস্যা যেভাবে কাটিয়ে উঠছেন ইংল্যান্ডের বাবা-মায়েরা,"""তারা রাতে যেকোনো সময় ১০ থেকে ৪০ বারের মত জেগে উঠতো এবং আমি একেবারেই বাড়িয়ে বলছি না"" বলছিলেন জ্যাকি উলস্টেনহোম। তিনি তার যমজ বাচ্চাদের নিয়ে যখন নির্ঘুম রাত কাটাতেন তখনকার কথা মনে করে বলছিলেন।"
https://www.bbc.com/bengali/news-44940331,দিল্লিতে এরশাদ: ভারতের কাছে তার গুরুত্ব কী,বাংলাদেশের সাবেক রাষ্ট্রপতি ও জাতীয় পার্টির চেয়ারম্যান এইচ এম এরশাদ ভারত সরকারের আমন্ত্রণে দিল্লি সফরে এসে গুরুত্বপূর্ণ নেতা-মন্ত্রীদের সঙ্গে দেখা করছেন।
https://www.bbc.com/bengali/news-43909556,বাংলাদেশের ভোলায় স্বাস্থ্য ক্লিনিক বন্ধ: মেঝে থেকে বেরিয়ে আসছে শত শত সাপ,বাংলাদেশের দক্ষিণাঞ্চলীয় জেলা ভোলায় একটি কমিউনিটি স্বাস্থ্য ক্লিনিকের মেঝে থেকে শত শত বিষধর সাপ বের হওয়ার পর কর্তৃপক্ষ ক্লিনিকটি সাময়িক ভাবে বন্ধ করে দিয়েছে।
https://www.bbc.com/bengali/news-54898675,"মানসিক স্বাস্থ্য: কখন, কী উপসর্গ দেখা দিলে চিকিৎসকের কাছে যাওয়া জরুরি","বাংলাদেশের মানসিক চিকিৎসকরা বলছেন, যদিও আগের তুলনায় অনেক পরিবর্তন হয়েছে, কিন্তু এখনো দেশের মানুষজনের মানসিক স্বাস্থ্য বিশেষজ্ঞদের কাছে যাওয়ার ক্ষেত্রে অনীহা রয়েছে।"
https://www.bbc.com/bengali/news-44466636,ট্রাম্প-কিম বৈঠক: দিনের কিছু আলোচিত মুহূর্ত,মার্কিন প্রেসিডেন্ট ডোনাল্ড ট্রাম্পের সাথে উত্তর কোরিয়ার নেতা কিম জং-আনের বৈঠককে বলা হচ্ছে ঐতিহাসিক ঘটনা। সিঙ্গাপুরে এই প্রথম দুটো দেশের নেতারা বৈঠক করলেন।
https://www.bbc.com/bengali/news-52347445,করোনাভাইরাস: বাংলাদেশে কারা পাচ্ছেন পিপিই বা ব্যক্তিগত সুরক্ষা সরঞ্জাম?,"বাংলাদেশে করোনাভাইরাস সংক্রমণ বেড়ে যাবার পটভূমিতে সরকার বলছে, চিকিৎসক ও সেবাকর্মীদের সুরক্ষার জন্য গত মাস থেকে যথেষ্ট পরিমাণে পার্সোনাল প্রটেক্টিভ ইকুয়িপমেন্ট - পিপিই বা ব্যক্তিগত সুরক্ষা সরঞ্জাম দেয়া হয়েছে এবং সরকারের কাছে পর্যাপ্ত পরিমাণে পিপিই মজুদ আছে।"
https://www.bbc.com/bengali/news-50680291,যেভাবে বোতল-বন্দি হলো 'জ্বীনের বাদশাহ্‌',বাংলাদেশে 'জ্বীনের বাদশাহ্' পরিচয় দিয়ে প্রতারণা করার দায়ে সিআইডি পুলিশ সম্প্রতি সাত ব্যক্তিকে আটক করেছে।
https://www.bbc.com/bengali/news-41751839,ভারতের নিরাপত্তা বাহিনী আবার রোহিঙ্গাদের 'পুশ-ব্যাক' করেছে,বাংলাদেশের পুলিশ দক্ষিণ-পশ্চিমাঞ্চলীয় জেলা মেহেরপুর থেকে ভারত থেকে 'পুশ-ব্যাক' হয়ে আসা একটি রোহিঙ্গা পরিবারকে আটক করেছে।
https://www.bbc.com/bengali/news-48581152,মাশরাফী কি বিশ্বকাপে নিজের খেলা নিয়ে সন্তুষ্ট,"মাশরাফী বিন মোত্তর্জা বাংলাদেশের অন্যতম সেরা বোলার, এখনো পর্যন্ত ওয়ানডে ফরম্যাটে বাংলাদেশের সর্বোচ্চ উইকেট শিকারী মাশরাফী।"
https://www.bbc.com/bengali/news-44680581,বাংলাদেশে কোটাবিরোধী আন্দোলন: ঢাকা বিশ্ববিদ্যালয় এলাকায় ছাত্রলীগের হামলা ও মহড়া,বাংলাদেশে সরকারি চাকরিতে কোটা ব্যবস্থা সংস্কারের দাবিতে আন্দোলনরত শিক্ষার্থীদের ওপর ঢাকা বিশ্ববিদ্যালয় এলাকায় গত কয়েকদিন ধরেই হামলা চালানো হচ্ছে। আজ সোমবারেও বিশ্ববিদ্যালয় এলাকায় এরকম হামলা হয়েছে দফায় দফায়।
https://www.bbc.com/bengali/news-55157270,ধর্মীয় অনুভূতিতে আঘাত দেয়ায় অভিযুক্ত বাউল রিতা দেওয়ান কী বলছেন?,বাংলাদেশে ধর্মীয় অনুভূতিতে আঘাত দেয়ার অভিযোগে টাঙ্গাইলের বাউল রিতা দেওয়ানসহ তিনজনের বিরুদ্ধে গ্রেপ্তারি পরোয়ানা জারি করেছে বাংলাদেশ সাইবার ক্রাইম ট্রাইব্যুনাল।
https://www.bbc.com/bengali/news-55889615,"ভেজাল মদ পান করে তিনদিনে অন্তত ৮ জনের মৃত্যু, যেসব বিষয়ে সাবধান থাকবেন","ভেজাল মদ খেয়ে বিষক্রিয়ায় মৃত্যু, অঙ্গহানি বা অসুস্থ হওয়ার খবর বাংলাদেশে মাঝেমধ্যেই শোনা যায়। গত কয়েকদিনে এরকম বেশ ক'টি ঘটনা ঘটে গেছে।"
https://www.bbc.com/bengali/news/2015/09/150917_cricketer_shahadat_bangladesh,বিসিবির দিকেই তাকিয়ে আছে পলাতক ক্রিকেটার শাহাদতের পরিবার,গৃহপরিচারিকাকে নির্যাতনের অভিযোগে মামলা হওয়ার পর থেকে বাংলাদেশ জাতীয় ক্রিকেট দলের পেসার শাহাদত হোসেনকে খুঁজে পাচ্ছেনা পুলিশ।
https://www.bbc.com/bengali/news-46950222,ইতিহাসের সাক্ষী: কম্পিউটার পাসওয়ার্ডের উদ্ভাবন ও সেটি হ্যাক করার ইতিহাস,"১৯৬২ সালে এমন একটি জিনিস আবিষ্কার হয় যা বর্তমান পৃথিবীর সবচেয়ে প্রয়োজনীয় জিনিসগুলোর একটি এবং অনেকেই হয়তো বলবেন, এটি আধুনিক জীবনের সবচেয়ে বিরক্তিকর একটি জিনিসও বটে।"
https://www.bbc.com/bengali/news-49514242,গ্রামীনফোন আর রবির বকেয়া নিয়ে কর্তৃপক্ষের সাথে মোবাইল কোম্পানিগুলোর বচসা কোন পথে?,বাংলাদেশের সবচেয়ে বড় দু'টি মোবাইল ফোন কোম্পানি গ্রামীণ এবং রবি'র বিরুদ্ধে সাড়ে ১৩ হাজার কোটি টাকা বকেয়া না দেয়ার অভিযোগ তুলে সরকার তাদের শাস্তি দেয়ার প্রশ্নে নোটিশ পাঠাচ্ছে।
https://www.bbc.com/bengali/news-46578414,মাত্র বিশ ঘন্টায় যেভাবে শিখতে পারেন বিশ্বের যে কোন বিষয়,"রুশ, আরবী কিংবা ম্যান্ডারিন ভাষা জানতে চান? বেহালা কিংবা বাঁশি বাজানো শিখতে চান? নাকি কোয়ান্টাম পদার্থবিদ্যা বুঝতে চান?"
https://www.bbc.com/bengali/news-40910397,মার্কিন বিশ্ববিদ্যালয়ে শত শত শ্বেতাঙ্গ জাতীয়তাবাদীর মশাল মিছিল,দাস প্রথার পক্ষে লড়েছিলেন এমন এক কনফেডারেটপন্থী জেনারেলের মূর্তি অপসারণের প্রতিবাদে শত শত শ্বেতাঙ্গ জাতীয়তাবাদী যুক্তরাষ্ট্রের ভার্জিনিয়া বিশ্ববিদ্যালয়ে মিছিল করেছেন।
https://www.bbc.com/bengali/news-55998076,মিয়ানমার অভ্যুত্থান: জলকামান এবং রাবার বুলেট দিয়ে বিক্ষোভ দমনের চেষ্টা,মিয়ানমারের রাজধানী নেপিডোতে নিষেধাজ্ঞা উপেক্ষা করে হাজার হাজার মানুষ বিক্ষোভ করার সময় পুলিশ তাদের ওপর রাবার বুলেট চালিয়েছে।
https://www.bbc.com/bengali/news-53426701,ফাহিম সালেহ: নিউইয়র্কে খুন হওয়া বাংলাদেশি বংশোদ্ভূত টেক মিলিওনিয়ার অল্প বয়সেই সুপরিচিত ছিলেন উদ্যোক্তা জগতে,"নিউইয়র্কে নিজের অ্যাপার্টমেন্টে নৃশংসভাবে খুন হওয়া ফাহিম সালেহ নিজের সম্পর্কে ওয়েবসাইটে লিখেছিলেন অন্ট্রেপ্রেনিওর, ইনভেস্টর, ড্রিমার অর্থাৎ উদ্যোক্তা, বিনিয়োগকারী, স্বপ্নবাজ।"
https://www.bbc.com/bengali/news-44985270,বাংলাদেশে স্থানীয় নির্বাচনে বড় রাজনৈতিক দলগুলো থেকে নারী প্রার্থীদের সুযোগ কম,রাজশাহী জেলা মহিলা আওয়ামী লীগের সভাপতি মর্জিনা পারভীন। ৩০ বছর ধরে রাজনীতি করছেন তিনি।
https://www.bbc.com/bengali/news-41641674,যৌন সহিংসতা জরিপের শীর্ষে দিল্লি ও সাও পাওলো শহর,"সারা দুনিয়ায় যে সব মেগাসিটিতে মেয়েদের সবচেয়ে বেশি যৌন সহিংসতার সম্মুখীন হতে হয়, তার ওপর করা একটি জরিপে দিল্লি ও সাও পাওলো যৌথভাবে শীর্ষস্থানে এসেছে।"
https://www.bbc.com/bengali/news-51222888,"বাংলাদেশ, পাকিস্তান ও আফগানিস্তানে সংখ্যালঘুরা নির্বাচন করতে পারে না?",ভারতে নাগরিকত্ব সংশোধন আইনকে ঘিরে দেশজুড়ে তুমুল প্রতিবাদ চলছে। প্রধানমন্ত্রী নরেন্দ্র মোদী ও স্বরাষ্ট্রমন্ত্রী আইনটির পক্ষে ব্যাপক যুক্তি দিয়ে চলেছেন।
https://www.bbc.com/bengali/news-45192357,বাংলাদেশে কোটা সংস্কার আন্দোলনের নেতা লুমা আটক,বাংলাদেশের সরকারি চাকরিতে কোটা সংস্কারের জন্য উদ্দেশ্যে হওয়া আন্দোলনের যুগ্ম-আহবায়ক লুৎফুন্নাহার লুমাকে সিরাজগঞ্জ থেকে আটক করেছে পুলিশ।
https://www.bbc.com/bengali/news-46305011,বাংলাদেশে ভোটের আগে পুলিশকে যেসব নির্দেশ দিলেন প্রধান নির্বাচন কমিশনার,বাংলাদেশে নির্বাচনের সময় জনগণ যাতে কেন্দ্রে গিয়ে তাদের ভোট দিতে পারেন তা নিশ্চিত করার জন্য প্রধান নির্বাচন কমিশনার কে. এম. নূরুল হুদা পুলিশ প্রশাসনের প্রতি নির্দেশ দিয়েছেন।
https://www.bbc.com/bengali/news-48556580,"ক্রিকেট বিশ্বকাপ ২০১৯: আপাদমস্তক ইংলিশ হলেও বাংলাদেশের হয়ে তাঁদের হারাতে চাই, বলছেন বাংলাদেশের ইংলিশ কোচ স্টিভ রোডস",বিশ্বকাপ ক্রিকেটে আগামীকাল শনিবার বাংলাদেশ দল মুখোমুখি হবে ইংল্যান্ডের। কার্ডিফে অনুষ্ঠিত হবে এই ম্যাচ। এই মাঠে কখনো হারেনি বাংলাদেশ। এর আগে দুটো ম্যাচ খেলে তারা দুটোতেই জয়লাভ করেছে। ২০০৫ সালে হারিয়েছে অস্ট্রেলিয়াকে এবং ২০১৭ সালে তারা হারিয়েছে নিউজিল্যান্ডকে।
https://www.bbc.com/bengali/news-47312908,"পুরানো ঢাকার চকবাজারের আগুনে নিহত ১২, নিহত বাড়বে আশংকা দমকলের","পুরান ঢাকার চকবাজারে শাহী মসজিদের কাছে একটি ভবনে লাগা আগুন প্রায় নিয়ন্ত্রণে এসেছে বলে বলে জানিয়েছে ফায়ার সার্ভিস। সংস্থার একজন পরিচালক বলছেন, এ পর্যন্ত ১২জন মানুষের মৃতদেহ উদ্ধার হয়েছে।"
https://www.bbc.com/bengali/news-48409940,সেতু বা রাস্তা তৈরির সময় কি ভবিষ্যতের কথা ভাবা হয়?,বাংলাদেশে প্রধানমন্ত্রী শেখ হাসিনা ঢাকা-চট্টগ্রাম মহাসড়কে মেঘনা এবং গোমতী নদীর উপর নতুন তৈরি দুটো সেতুসহ বেশ কয়েকটি অবকাঠামো প্রকল্পের উদ্বোধন করেছেন ।
https://www.bbc.com/bengali/news-45155508,চীন ১০ লাখ উইগুর মুসলিমকে আটকে রেখেছে - জাতিসংঘে অভিযোগ,"জাতিসংঘের মানবাধিকার বিষয়ক কমিটি জেনেভাতে চীনের ওপর দুদিনের যে বিশেষ সভা করছে, সেখানে অভিযোগ করা হয়, কট্টরপন্থী সন্দেহে ১০ লাখ চীনা উইগুর মুসলিমকে বিভিন্ন রাজনৈতিক শিবিরে আটকে রাখা হয়েছে।"
https://www.bbc.com/bengali/news-49663506,জামাল খাসোগজি: 'কোরবানির পশু' বলে বর্ণনা করেছিল এক ঘাতক,সৌদি ভিন্নমতাবলম্বী সাংবাদিক জামাল খাসোগজিকে হত্যার আগে এক সৌদি ফরেনসিক বিশেষ তাকে 'কোরবানির পশু' বলে বর্ণনা করেছিল।
https://www.bbc.com/bengali/news-56763449,হেফাজতের কর্মসূচিতে সহিংসতা: বিরোধীদলগুলোর ওপর 'ক্র্যাকডাউনের' অভিযোগ বিএনপির,"বাংলাদেশে বিরোধীদল বিএনপি অভিযোগ করেছে, হেফাজতের কর্মসূচিতে সহিংসতার ইস্যুকে কেন্দ্র করে সরকার এখন বিএনপিসহ বিরোধী রাজনৈতিক দলগুলোকে দমনে ক্র্যাকডাউনে নেমেছে।"
https://www.bbc.com/bengali/news-52482424,বলিউড অভিনেতা ঋষি কাপুর মারা গেছেন,বলিউড অভিনেতা ঋষি কাপুর ৬৭ বছর বয়সে মারা গেছেন।
https://www.bbc.com/bengali/news-56871135,করোনা ভাইরাস: কোভিড-১৯ আক্রান্ত হয়ে মৃত্যুর সংখ্যা আরও কমেছে,বাংলাদেশে গত কয়েকদিনের তুলনায় করোনাভাইরাসে আক্রান্ত হয়ে মৃত্যুর সংখ্যা শনিবার আরও কমেছে। সেই সঙ্গে কমেছে নমুনা পরীক্ষা তুলনায় শনাক্তের হারও।
https://www.bbc.com/bengali/news-49839382,দুর্নীতিবিরোধী চলমান অভিযান কি সফল হবে?,বাংলাদেশে তৃতীয় মেয়াদে ক্ষমতায় এসে আওয়ামী লীগ নজিরবিহীন এক অভিযান শুরু করেছে দুর্নীতির বিরুদ্ধে।
https://www.bbc.com/bengali/news-54693314,ইন্দো-প্যাসিফিকে চীনকে রুখতেই ভারত-আমেরিকার 'দুই আর দুই' কৌশল,"ভারত ও আমেরিকার পররাষ্ট্র ও প্রতিরক্ষামন্ত্রীদের যে 'টু প্লাস টু' ডায়ালগ চলছে, তার তৃতীয় রাউন্ডের বৈঠকে অংশ নিতে মার্কিন পররাষ্ট্রমন্ত্রী মাইক পম্পেও এবং প্রতিরক্ষামন্ত্রী মার্ক এসপার সোমবার দিল্লিতে এসে পৌঁছেছেন।"
https://www.bbc.com/bengali/news-43942387,‘রোহিঙ্গা সঙ্কটের যাদুকরী সমাধান নেই’- রুশ প্রতিনিধি,তিন দিনের সফরে শনিবার বাংলাদেশে আসা জাতিসংঘ নিরাপত্তা পরিষদের প্রতিনিধি দলটি রোববার প্রথমে বান্দরবানের নাইক্ষংছড়ি সীমান্তের জিরো লাইনে গিয়ে আটকে থাকা রোহিঙ্গাদের সাথে কথা বলেন।
https://www.bbc.com/bengali/news-50005850,বুয়েটে শিক্ষার্থী নির্যাতনের সংস্কৃতি: প্রশাসনের ব্যর্থতা কতটা?,বাংলাদেশ প্রকৌশল বিশ্ববিদ্যালয় বা বুয়েটে বিক্ষোভরত শিক্ষার্থীদের ১০ দফা দাবি মেনে নেয়ার জন্য সময়সীমা ছিল বৃহস্পতিবার বিকেল পাঁচটা পর্যন্ত।
https://www.bbc.com/bengali/news/2016/01/160130_bangladesh_tree_man_desease,বিরল এই বৃক্ষ মানব রোগ হয়েছে বাংলাদেশে একজনেরই,বাংলাদেশে এই প্রথম ‘বৃক্ষ মানব’ নামে পরিচিত বিরল এক রোগে আক্রান্ত একজন রোগীর সন্ধান পাওয়া গেছে।
https://www.bbc.com/bengali/news-50194129,"এনআরসি: আসামের বন্দিশিবিরে 'বাংলাদেশী' বলে চিহ্নিত করা আরো এক জনের মৃত্যু, মৃতদেহ নিতে অস্বীকার করেছে পরিবার","ভারতের উত্তরপূর্বাঞ্চলীয় রাজ্য আসামে আবার এক ব্যক্তি বন্দীশিবিরে মারা গেছেন, যাকে বিদেশী বলে ঘোষণা করা হয়েছিল।"
https://www.bbc.com/bengali/news-53595135,তুরস্কের সোশাল মিডিয়া আইন: অনলাইনে দেয়া বক্তব্য দমনে আনা নতুন এই আইন কিসের ঈঙ্গিত?,সামাজিক যোগাযোগের প্ল্যাটফর্মগুলোর ওপর নিয়ন্ত্রণ আরোপ করে তুরস্কের সংসদ একটি আইন পাশ করেছে। মানবাধিকার সংগঠনগুলো বলছে এই আইন বাকস্বাধীনতার প্রতি বড় হুমকি।
https://www.bbc.com/bengali/news-44063966,মালয়েশিয়ায় মাহাথির মোহাম্মদের ঐতিহাসিক জয়,মালয়েশিয়ার সাধারণ নির্বাচনে বিশাল জয় পেয়েছেন দীর্ঘদিন পর রাজনীতিতে ফিরে আসা ৯২ বছর বয়সী সাবেক প্রধানমন্ত্রী মাহাথির মোহাম্মদ।
https://www.bbc.com/bengali/news-44269598,বাংলাদেশে কঙ্কাল নিয়ে বাণিজ্যের অভিযোগ,বাংলাদেশের বিভিন্ন সরকারি ও বেসরকারি হাসপাতালে মানব কঙ্কাল নিয়ে রমরমা বাণিজ্যের অভিযোগ রয়েছে।
https://www.bbc.com/bengali/news-44975752,হেপাটাইটিস সংক্রমণ বাংলাদেশে কতটা ভয়াবহ রোগ?,"বাংলাদেশে হেপাটাইটিস সংক্রমণকে এক নীরব ঘাতক হিসেবে দেখা হচ্ছে। বিশ্ব স্বাস্থ্য সংস্থার হিসেবে দেখা যায়, বাংলাদেশে হেপাটাইটিস বি ও সি ভাইরাসে প্রায় এক কোটি মানুষ আক্রান্ত। বেসরকারি হিসেবে হেপাটাইটিসে প্রতি বছর ২০ হাজারের বেশি মানুষের মৃত্যু হয় বাংলাদেশে।"
https://www.bbc.com/bengali/news-44240020,এমপিদের নির্বাচনী প্রচারে অংশগ্রহণের সমস্যা কোথায়?,বাংলাদেশে স্থানীয় সরকার নির্বাচনের প্রচারে সংসদ সদস্যদের অংশগ্রহণের পথ খুলে দিয়ে নির্বাচন কমিশন যে নতুন বিধিমালা তৈরি করেছে তা সুষ্ঠু নির্বাচনের পথে প্রতিবন্ধকতা তৈরি করবে বলে মনে করছে নির্বাচন প্রক্রিয়ার পর্যবেক্ষকরা।
https://www.bbc.com/bengali/news/2015/10/151030_bd_paira_port,নতুন পায়রা সমুদ্রবন্দর বাংলাদেশের জন্য কতটা গুরুত্বপূর্ণ,"বাংলাদেশের দক্ষিণাঞ্চলে নতুন যে সমুদ্রবন্দরটি গড়ে তোলা হচ্ছে, সেটি আগামী দুই মাসের মধ্যেই আংশিকভাবে আমদানি-রপ্তানি কার্যক্রম শুরু করতে পারবে বলে কর্মকর্তারা বলছেন।"
https://www.bbc.com/bengali/news-49704424,সমুদ্রে ভাসমান অভিবাসীদের উদ্ধার করে আনা জাহাজটিকে বন্দরে ভিড়তে দিল ইটালি,ছয় দিন ধরে সমুদ্রে ভাসমান ৮২জন অভিবাসীকে উদ্ধার করে আনা উদ্ধারকারী জাহাজ ওশান ভাইকিংকে লাম্পেদোসা দ্বীপে ভিড়তে দিল ইটালি এবং অভিবাসীদের বন্দরে নামবার অনুমতি দিল।
https://www.bbc.com/bengali/news-46066573,'ভেগান' বা 'নিরামিষাশী'দের সম্পর্কে দরকারি পাঁচটি তথ্য,ভেগান বা নিরামিষাশীদের খাদ্য তালিকায় কোনো প্রকার প্রাণীর কোনো মাংস থাকে না।
https://www.bbc.com/bengali/news-56762989,করোনা ভাইরাস: বাংলোদেশে হাসপাতালে রোগীর মৃত্যু কেন লাগামহীন,"বাংলাদেশে করোনাভাইরাসে আক্রান্ত হয়ে গত নয় দিনেই মারা গেছে ৭১৯ জন, যার মধ্যে ৬৯৩ জনই মারা গেছে হাসপাতালে। চিকিৎসক ও বিশেষজ্ঞরা বলছেন দ্রুত ফুসফুস সংক্রমণ ছাড়াও বছরের শুরুতে রোগটির প্রতি অবহেলার কারণেই অনেকে এখন সংকটাপন্ন অবস্থায় হাসপাতালে যাচ্ছেন।"
https://www.bbc.com/bengali/news-44996318,ওয়েস্ট ইন্ডিজ সফর: নয় বছর পর বিদেশে সিরিজ জয় বাংলাদেশের,ওয়েস্ট ইন্ডিজকে ১৮ রানে হারিয়ে নয় বছর পর বিদেশের মাটিতে আবার কোন সিরিজ জিতল বাংলাদেশের ক্রিকেটাররা।
https://www.bbc.com/bengali/news-57021250,খালেদা জিয়ার সবশেষ অবস্থা সম্পর্কে যা বললেন চিকিৎসক,"বিএনপি চেয়ারপারসন খালেদা জিয়ার ব্যক্তিগত চিকিৎসক দলের সদস্য ও বিএনপি নেতা এ জেড এম জাহিদ হোসেন জানিয়েছেন, হাসপাতালে চিকিৎসাধীন মিসেস জিয়ার অবস্থা অপরিবর্তিত আছে।"
https://www.bbc.com/bengali/news-54767253,ফ্রান্সের গির্জায় হামলায় অর্থোডক্স পাদ্রী গুলিবিদ্ধ,ফ্রান্সের লিঁওতে একজন গ্রিক অর্থোডক্স পাদ্রীর গায়ে গুলি করা হলে তিনি গুরুতর জখম হন।
https://www.bbc.com/bengali/news-37304627,"বাংলাদেশের ঢাকায় কোটি টাকার জাল নোট উদ্ধার, আটক ৫",বাংলাদেশের রাজধানী ঢাকার কয়েকটি এলাকায় অভিযান চালিয়ে এক কোটি টাকার বেশি জাল নোট উদ্ধারের কথা জানিয়েছে র‍্যাব।
https://www.bbc.com/bengali/news-56631353,শীতলক্ষ্যা নদীতে অন্তত ৩৫ জন যাত্রী নিয়ে লঞ্চডুবি,বাংলাদেশে রাজধানী ঢাকার নিকটবর্তী নারায়ণগঞ্জে শীতলক্ষ্যা নদীতে একটি লঞ্চ ডুবে গেছে। লঞ্চটিতে অন্তত ৩৫ জন যাত্রী ছিলেন বলে কর্মকর্তারা জানাচ্ছেন।
https://www.bbc.com/bengali/news/2016/04/160311_amar_nodi_turag_pollution,দূষণে বিপর্যস্ত তুরাগ,"দেখে বিশ্বাস করতে কষ্ট হয় এটি একটি নদ। কোন স্রোত নেই, প্রাণ নেই। এই তুরাগ নদ এখন বিভিন্ন জায়গায় নর্দমার আকার ধারণ করেছে।"
https://www.bbc.com/bengali/news-46007837,পরিবহন ধর্মঘট: যে কারণে শ্রমিকরা আন্দোলন করছে,বাংলাদেশে সড়ক পরিবহন শ্রমিক ফেডারেশন রবিবার ভোর থেকে সারা দেশে শ্রমিকদের ৪৮ ঘণ্টার কর্মবিরতির কর্মসূচি নিয়েছে।
https://www.bbc.com/bengali/news-51764235,সড়ক দুর্ঘটনায় দুই জেলায় ১৪জন নিহত,বাংলাদেশের ব্রাহ্মণবাড়িয়া ও হবিগঞ্জ জেলায় পৃথক দুটি সড়ক দুর্ঘটনায় ১৪জন নিহত হয়েছে বলে পুলিশ জানিয়েছে।
https://www.bbc.com/bengali/news-40652345,সামাজিক যোগাযোগের মাধ্যম ‘তরুণদেরকে ভীত ও উদ্বিগ্ন করে তুলছে’: গবেষণা,ফেসবুক-টুইটারের মতো সোশ্যাল মিডিয়া বা সামাজিক যোগাযোগের মাধ্যম তরুণ তুর্কীদেরকে আরো উদ্বিগ্ন করে তুলছে বলে এক গবেষণায় বেরিয়ে এসেছে।
https://www.bbc.com/bengali/news-45011087,কেন নিরাপদ করা যাচ্ছে না ঢাকার সড়কে যাত্রীদের চলাচল,বাংলাদেশের রাস্তায় বাসের প্রতিযোগিতায় রোববার দুই শিক্ষার্থীর প্রাণহানির পর গণপরিবহনের অরাজক অবস্থা নিয়ে আবারো বিক্ষুব্ধ হয়ে উঠেছে ঢাকা।
https://www.bbc.com/bengali/news-55728745,"ডোনাল্ড ট্রাম্প: হোয়াইট হাউজ থেকে বিদায় নেয়ার আগে শেষ ভাষণে বললেন - 'যা করতে এসেছিলাম, তার সবই করেছি।'",যুক্তরাষ্ট্রে চার বছরের মেয়াদ শেষে বিদায় নিচ্ছেন প্রেসিডেন্ট ডোনাল্ড ট্রাম্প। একইসঙ্গে নতুন প্রেসিডেন্ট হিসাবে অভিষেক হতে যাচ্ছে জো বাইডেনের। তার সঙ্গে শপথ নেবেন ভাইস প্রেসিডেন্ট কমালা হ্যারিস।
https://www.bbc.com/bengali/news-46002944,"শ্রীলংকা: বরখাস্ত প্রধানমন্ত্রী, স্থগিত পার্লামেন্ট, পুরোনো শত্রুর সঙ্গে হাত মেলালেন প্রেসিডেন্ট",রাতারাতি ওলট পালট ঘটে গেছে শ্রীলঙ্কার সরকার ও রাজনীতির মানচিত্রে।
https://www.bbc.com/bengali/news-48423352,রোহিঙ্গা হত্যাকাণ্ড: সাজাপ্রাপ্ত সেনাদের জেল থেকে ছেড়ে দিল মিয়ানমার,মিয়ানমারে দশ জন রোহিঙ্গা পুরুষ এবং বালককে হত্যার অভিযোগে যে সাত সেনা সদস্যকে কারাদণ্ড দেয়া হয়েছিল তাদের দণ্ডভোগ শেষ হওয়ার অনেক আগেই জেল থেকে ছেড়ে দেয়া হয়েছে।
https://www.bbc.com/bengali/news-50717866,রোহিঙ্গা গণহত্যা মামলা: আন্তর্জাতিক আদালতে তথ্য-প্রমাণ নিয়ে বাংলাদেশের দল,"বাংলাদেশের পররাষ্ট্রমন্ত্রী একে আব্দুল মোমেন বলেছেন, রোহিঙ্গা গণহত্যার মামলার শুনানিতে মিয়ানমার যাতে মিথ্যা তথ্য দিতে না পারে, সেটা নিশ্চিত করার জন্য আন্তর্জাতিক আদালতে মামলার বাদী গাম্বিয়াকে সহযোগিতা করার সিদ্ধান্ত নিয়েছে বাংলাদেশ।"
https://www.bbc.com/bengali/news-48904836,শিশু ধর্ষণ রোধে যেসব ঘাটতি রয়েছে বাংলাদেশে,বাংলাদেশে ধর্ষণের হাত থেকে শিশুদের রক্ষার জন্যে প্রাতিষ্ঠানিক তেমন কোন ব্যবস্থা নেই বলে মনে করছেন ঢাকায় জাতিসংঘের শিশু বিষয়ক সংস্থা ইউনিসেফের শিশু সুরক্ষা বিশেষজ্ঞ শাবনাজ জাহিরিন।
https://www.bbc.com/bengali/news-46947552,"জেনারেল এরশাদ: চিকিৎসা নিতে আবারো সিঙ্গাপুরে জাতীয় পার্টির চেয়ারম্যান, কী জানা যাচ্ছে তাঁর অসুস্থতা সম্পর্কে?",জাতীয় পার্টির চেয়ারম্যান এবং সাবেক রাষ্ট্রপতি জেনারেল হুসেইন মুহাম্মদ এরশাদ চিকিৎসার জন্য আবারো সিঙ্গাপুরে গেছেন।
https://www.bbc.com/bengali/news-47620971,"ঢাকায় আবার সড়ক দুর্ঘটনায় ছাত্রের মৃত্যু, শিক্ষার্থীদের বিক্ষোভ",ঢাকায় বসুন্ধরা আবাসিক এলাকায় বাসের চাপায় একজন বিশ্ববিদ্যালয় ছাত্রের মৃত্যুর ঘটনায় সড়ক অবরোধ করে বিক্ষোভ করছে কয়েকটি বিশ্ববিদ্যালয়ের শিক্ষার্থীরা।
https://www.bbc.com/bengali/news-43779660,কমনওয়েলথ সম্পর্কে যে সাতটি তথ্য হয়তো আপনি জানেন না,"লন্ডনে কমনওয়েলথ নেতারা একটি সম্মেলনে মিলিত হতে যাচ্ছেন। এখানে কমনওয়েলথ সম্পর্কে সাতটি তথ্য তুলে ধরা হল, যা হয়তো আপনি জানেন না। ১. বিশ্বের এক তৃতীয়াংশ মানুষের সংগঠন"
https://www.bbc.com/bengali/news-53121882,করোনা ভাইরাস: দক্ষিণ এশীয়দের মারা যাবার ঝুঁকি সবচেয়ে বেশি?,"ব্রিটেনে চালানো এক জরিপে দেখা গেছে যে, করোনাভাইরাস আক্রান্ত হলে দক্ষিণ এশীয় বংশোদ্ভূতদেরই মারা যাবার সম্ভাবনা সবচেয়ে বেশি, এবং তার একটি কারণ ডায়াবেটিস।"
https://www.bbc.com/bengali/news-49696031,পুলিশি অভিযানের নাটক সাজিয়ে বিয়ের প্রস্তাব,সেইন্ট পিটার্সবার্গ বিমানবন্দরে বিমান থেকে নেমে প্রেমিকের জন্য অপেক্ষা করছিলেন আনাস্তাসিয়া।
https://www.bbc.com/bengali/news-54863197,আমেরিকা নির্বাচন ২০২০: ডোনাল্ড ট্রাম্পকে তার হেরে যাবার দিনটিতে যেভাবে দেখলেন বিবিসির সাংবাদিক,"গত চার বছর প্রেসিডেন্ট ট্রাম্পকে আমি দেখেছি তার ভাল এবং খারাপ দিনগুলোতে। কিন্তু ৭ই নভেম্বর, যেদিন তিনি নির্বাচনে হারলেন, সেই দিনটির সাথে গত চার বছরের অন্য কোন দিনের তুলনা হয় না।"
https://www.bbc.com/bengali/news-53980934,তাইওয়ানের উপহার গ্রহণ করায় 'দুঃখ' পাওয়ার কথা জানিয়েছে চীন,করোনাভাইরাস মহামারি মোকাবেলায় তাইওয়ানের কাছ থেকে উপহার গ্রহণ করার প্রেক্ষাপটে বাংলাদেশের পররাষ্ট্র মন্ত্রণালয়ে টেলিফোন করে নিজেদের দুঃখ পাওয়ার কথা জানিয়েছে চীন।
https://www.bbc.com/bengali/news-40077411,জেলখানায় বন্দী মায়ের শিশুদের দিন কাটে কিভাবে?,বাংলাদেশের কারাগারগুলোতে মোট বন্দীর সংখ্যা প্রায় আটাত্তর হাজার। যদিও ধারণ সংখ্যা মাত্র সাড়ে ছত্রিশ হাজার।
https://www.bbc.com/bengali/news-39566688,বাংলাদেশে আলেমদের দাবির মুখে সুপ্রিম কোর্ট চত্বরে ন্যয়বিচারের প্রতীক গ্রিক দেবী থেমিসের আদলে গড়া ভাস্কর্যটির অপসারণ চান বাংলাদেশের প্রধানমন্ত্রী শেখ হাসিনাও,বাংলাদেশের সর্বোচ্চ আদালত সুপ্রিম কোর্ট অঙ্গণে ন্যয়বিচারের প্রতীক গ্রিক দেবী থেমিসের আদলে গড়া একটি ভাস্কর্য সরিয়ে নিতে প্রধান বিচারপতির সাথে কথা বলবেন প্রধানমন্ত্রী শেখ হাসিনা।
https://www.bbc.com/bengali/news-54246395,"করোনা ভাইরাস: সুরক্ষা দিতে পারে ডেঙ্গু, গবেষণায় দাবি","ব্রাজিলে করোনাভাইরাস মহামারি নিয়ে পরিচালিত এক গবেষণায় বলা হয়েছে যে, এই ভাইরাসের সংক্রমণ এবং ডেঙ্গু জ্বরে আক্রান্ত হওয়ার মধ্যে সম্পর্ক রয়েছে। আর তা হলো ডেঙ্গুতে আক্রান্ত হলে তা কোভিড-১৯ রোগ থেকে কিছুটা ইমিউনিটি বা সুরক্ষা দিতে পারে।"
https://www.bbc.com/bengali/news/2015/11/151117_isis_terror_finance_syria_iraq_oil_kidnappings_gch,ইসলামিক স্টেট কোথা থেকে অর্থ পায়?,ফ্রান্সের রাজধানী প্যারিসে গত শুক্রবারের আক্রমণ আবার জঙ্গি গোষ্ঠী ইসলামিক স্টেট-এর দিকে বিশ্বের নজর ফিরিয়েছে।
https://www.bbc.com/bengali/news-49543853,ভিডিও গেম খেলার অভিজ্ঞতা দিয়ে কী ভালো চাকরি পাওয়া সম্ভব?,"বিশ্বের গেমিং ইন্ডাস্ট্রি এখন এত বড় যে এটি চলচ্চিত্র এবং সঙ্গীত এই দুই ব্যবসাকে যদি এক করা হয়, তাকেও ছাড়িয়ে যাবে।"
https://www.bbc.com/bengali/news-51148940,"'আমরা যত দুঃখ পেয়েছি শত্রুরা ততটাই খুশি হয়েছে', বললেন আয়াতোল্লাহ খামেনি",ইরানের সর্বোচ্চ নেতা আয়াতোল্লাহ খামেনি যুক্তরাষ্ট্র এবং ইউরোপীয় দেশগুলোর তীব্র সমালোচনা করে তার দেশের জনগণকে ঐক্যবদ্ধ থাকার আহ্বান জানিয়েছেন।
https://www.bbc.com/bengali/news-44276395,আপনি কি শিশুর ন্যাপি পাল্টাতে তার অনুমতি নেন?,শিশুর ন্যাপি পরিবর্তন করা নিয়ে নেই কোনো বিতর্ক। হতে পারে এটি শিশুর বাবা-মা'এর জন্যে একটি ঝুঁকিপূর্ণ কাজ ।
https://www.bbc.com/bengali/news-56931107,"করোনা ভাইরাস: ভারতে ভ্যাকসিনেশন অভিযান চরম সঙ্কটে, দিল্লিতে শতাধিক সেন্টার বন্ধ",বিশ্বের অন্যতম বৃহৎ টিকা উৎপাদনকারী দেশ ভারতেই কোভিড ভ্যাক্সিনের জন্য সঙ্কট চরমে পৌঁছেছে।
https://www.bbc.com/bengali/news-44055048,বাংলাদেশ ক্রিকেট দলের অস্ট্রেলিয়া সফর হচ্ছে না,এ বছর আগস্ট-সেপ্টেম্বর মাসে বাংলাদেশ ক্রিকেট দলের অস্ট্রেলিয়া সফরটি হচ্ছে না।
https://www.bbc.com/bengali/news-48324350,ফ্লাইং কিকের শিকার টার্মিনেটর তারকা আর্নল্ড শোয়ার্জনেগার,টার্মিনেটর তারকা হিসেবে সমধিক খ্যাতি পাওয়া মি. শোয়ার্জনেগার একসময় বডিবিল্ডার হিসেবে বিশ্বখ্যাত ছিলেন।
https://www.bbc.com/bengali/news-50698797,ধর্ষণ: অভিযুক্তরা 'এনকাউন্টারে নিহত' হওয়ায় ভারতীয়রা কেন উল্লাস করছে,ভারতে গণ-ধর্ষণে অভিযুক্ত চারজন পুরুষ পুলিশের সাথে 'এনকাউন্টারে' নিহত হওয়ার পর সারা দেশে লোকজন উল্লাস প্রকাশ করেছে।
https://www.bbc.com/bengali/news-53839440,বাংলাদেশ ও ভারত: সম্পর্কে শীতলতা নাকি 'সোনালি অধ্যায়',"বাংলাদেশ ভারত সম্পর্কের শীতলতা বা অস্বস্তি নিয়ে নানা জল্পনা কল্পনার মাঝে ঢাকায় দেশ দু'টির পররাষ্ট্র সচিবদের এক বৈঠক থেকে বলা হয়েছে, এ ধরণের আলোচনা ঠিক নয়।"
https://www.bbc.com/bengali/news-41745155,রোহিঙ্গাদের ফিরিয়ে নেবার পরিকল্পনা সফল হবে?,"মঙ্গলবার নেপিডোতে মিয়ানমারের স্বরাষ্ট্রমন্ত্রী লে. কর্নেল চ সুয়ি এবং পুলিশ প্রধানের সাথে বৈঠকের পর আসাদুজ্জামান খান টেলিফোনে বিবিসি বাংলাকে জানিয়েছেন, রোহিঙ্গা প্রত্যাবসনের লক্ষ্যে দুই দেশের সমান সংখ্যক প্রতিনিধি নিয়ে খুব শীঘ্রই একটি যৌথ ওয়ার্কিং কমিটি গঠন করা হবে।"
https://www.bbc.com/bengali/news-48303883,সাইবার ক্রাইম: অনলাইনে অর্থ চুরির আন্তর্জাতিক চক্র পাকড়াও,আন্তর্জাতিক এক অপরাধী চক্র ম্যালওয়্যার ব্যবহার করে ৪০ হাজার মানুষের কাছ থেকে অনলাইনে ১০০ মিলিয়ন ডলার চুরি করেছে।
https://www.bbc.com/bengali/news-47088215,সকালে নাস্তা করাটা কি স্বাস্থ্যের জন্য ভালো?,সকালের নাস্তা বা ব্রেকফাস্ট নিঃসন্দেহে দিনের সবচেয়ে গুরুত্বপূর্ণ খাবার। তবে প্রাতঃরাশ করলে সেটি শরীরের ওজন কমাতে খুব সহায়ক হবে না। গবেষণায় তাই বলা হচ্ছে।
https://www.bbc.com/bengali/news-46552066,"‘আহমেদ যদি হিন্দুর সামনে গরু কাটে, তা কি অপরাধ?’ আইনের প্রশ্নপত্র নিয়ে তীব্র বিতর্ক ভারতে",ভারতের একটি বিশ্ববিদ্যালয়ের আইন পরীক্ষায় প্রকাশ্যে গো-হত্যার ওপর এক প্রশ্ন নিয়ে তীব্র বিতর্ক শুরু হয়েছে।
https://www.bbc.com/bengali/news-56602385,কাশীতে মসজিদের ভেতর মন্দিরের অস্তিত্ব খুঁজতে সার্ভের বিতর্কিত নির্দেশ,"ভারতের বারাণসীতে জ্ঞানবাপী মসজিদ কমপ্লেক্সের ভেতর কোনও মন্দিরের অস্তিত্ব ছিল কি না, শহরের একটি দেওয়ানি আদালত তা খতিয়ে দেখার নির্দেশ দেওয়ার পর সেই রায় নিয়ে তীব্র বিতর্ক শুরু হয়েছে।"
https://www.bbc.com/bengali/news-47626529,ভারতের নির্বাচন: প্রিয়াঙ্কা গান্ধী কি সত্যি জোয়ার তৈরি করতে পারবেন?,ভারতের নির্বাচন ঘোষণা হওয়ার বেশ কয়েক মাস আগে থেকেই বিজেপি বিরোধী দলগুলি ঐক্যবদ্ধ হয়ে ভোটে লড়ার প্রচেষ্টা শুরু করেছিল।
https://www.bbc.com/bengali/news-47108359,ভুয়া বিশ্ববিদ্যালয় খুলে যেভাবে অবৈধ অভিবাসী ধরলো আমেরিকা,যুক্তরাষ্ট্রের একটি বিশ্ববিদ্যালয়ে ভর্তির জন্যে বিজ্ঞাপন দেওয়া হলো। অন্যান্য বিশ্ববিদ্যালয়ের মতোই সাধারণ একটি বিজ্ঞাপন। সেসব বিজ্ঞাপনে যা থাকে এই বিজ্ঞাপনেও আছে একই জিনিস।
https://www.bbc.com/bengali/news-51262179,ক্রিকেট: পাঁচ বছরে যতটা অবনতি হলো মুস্তাফিজের,মু্স্তাফিজুর রহমান শেষ পাঁচটি টি টোয়েন্টি ম্যাচে উইকেট নিয়েছেন মাত্র একটি।
https://www.bbc.com/bengali/news-46935801,যুক্তরাষ্ট্রে শাটডাউন: জর্জ বুশ পিৎজা খাওয়ালেন তাঁর নিরাপত্তা দলকে,যুক্তরাষ্ট্রের সাবেক প্রেসিডেন্ট জর্জ ডব্লিউ বুশ তার নিরাপত্তা কর্মীদের পিৎজা খাইয়েছেন।
https://www.bbc.com/bengali/news-43888424,সংক্ষেপে জেনে নিন উত্তর কোরিয়া সংকট,উত্তর কোরিয়ার নেতা কিম জং আনের সাথে মার্কিন প্রেসিডেন্ট ডোনাল্ড ট্রাম্পের আলোচনা সত্যিই হবে কিনা সে নিয়ে অনেকের মনে সন্দেহ রয়েছে।
https://www.bbc.com/bengali/news-41736132,রোহিঙ্গাদের ফেরত নিতে মিয়ানমার রাজি: বাংলাদেশের স্বরাষ্ট্রমন্ত্রী,"বাংলাদেশের স্বরাষ্ট্রমন্ত্রী বলেছেন, গত দু'মাসে বাংলাদেশে পালিয়ে আসা রোহিঙ্গাদের ফিরিয়ে নেওয়ার ব্যাপারে মিয়ানমার রাজি হয়েছে।"
https://www.bbc.com/bengali/news-50086291,"বাংলাদেশ-ভারত সীমান্তে বিজিবি-বিএসএফ গুলি বিনিময়, একজন বিএসএফ সৈন্য নিহত, বিজিবি বলছে তথ্য প্রমাণ পায়নি",ভারত-বাংলাদেশ সীমান্তে দুই দেশের সীমান্তরক্ষী বাহিনীর মধ্যে গোলাগুলিতে এক ভারতীয় সীমান্ত রক্ষী নিহত হয়েছেন সে দেশের কর্মকর্তারা জানিয়েছেন।
https://www.bbc.com/bengali/news-52197219,২০ বছর ভারতে ছিলেন শেখ মুজিবুর রহমানের খুনী,২০ বছরেরও বেশি সময় ধরে ভারতে আত্মগোপনে ছিলেন বাংলাদেশের প্রতিষ্ঠাতা রাষ্ট্রপতি শেখ মুজিবুর রহমানের হত্যাকাণ্ডের ঘটনায় মৃত্যুদণ্ডপ্রাপ্ত আব্দুল মাজেদ।
https://www.bbc.com/bengali/news-43430104,পরিবার জানতো না আমি বেঁচে আছি: পাপুয়ার বন্দী শিবিরে ৪ বছর আটক থাকা বাংলাদেশী,জহিরুল ইসলামের বাড়ি বাংলাদেশের গাজীপুরে। উন্নত জীবনের আশায় ২০১৩ সালে তিনি সমুদ্র পথে পাড়ি জমান মালয়েশিয়ার উদ্দেশ্যে। কিন্তু গন্তব্যে পৌঁছানো হয় নি তার।
https://www.bbc.com/bengali/news-54315492,নাগোর্নো-কারাবাখ: বিতর্কিত এলাকা নিয়ে আর্মেনিয়া এবং আজারবাইজানের মধ্যে আবার লড়াই শুরু,আর্মেনিয়া এবং আজারবাইজানের সশস্ত্র বাহিনীর মধ্যে লড়াই শুরু হয়ে গেছে বিতর্কিত নাগোর্নো-কারাবাখ অঞ্চল নিয়ে। আজারবাইজানের অন্তত একটি হেলিকপ্টার গুলি করে ফেলে দিয়েছে আর্মেনিয়ার বাহিনী।
https://www.bbc.com/bengali/news-46354209,রাশিয়া ও ইউক্রেনের সংকটের আসল কারণ কী - কতটা মারাত্মক এটি?,আন্তর্জাতিক জলসীমা লঙ্ঘনের অভিযোগে রাশিয়া ইউক্রেনের নৌবাহিনীর তিনটি জাহাজ আটকের পর দু'দেশের মধ্যে এখন তীব্র উত্তেজনা বিরাজ করছে।
https://www.bbc.com/bengali/news-50838654,"রোবট প্রযুক্তি: অটোমেশনের ফলে বাংলাদেশের গার্মেন্টস শিল্পে শ্রমিকরা কিছু চাকরি হারালেও বিকল্প কর্মসংস্থান রয়েছে, বলছেন গবেষকরা",সরকারের রাজনৈতিক সদিচ্ছা থাকলে এবং শিল্প কারখানার মালিকরা শ্রমিকদের কল্যাণকে প্রাধান্য দিলে অটোমেশনের কারণে বাংলাদেশের খুব বেশি কর্মী চাকরি হারাবে না বলে মনে করেন কর্মসংস্থান ও চাকরির ভবিষ্যত বিষয়ে করা এক গবেষণার গবেষকরা।
https://www.bbc.com/bengali/news-49047324,রিফাত হত্যা তদন্তে আস্থা নেই মিন্নির বাবার,"বাংলাদেশের বরগুনায় চাঞ্চল্যকর রিফাত শরীফ হত্যা মামলায় গ্রেফতার আয়েশা সিদ্দিকা মিন্নির বাবা বলেছেন, পুলিশের তদন্তে তিনি আস্থা রাখতে পারছেন না।"
https://www.bbc.com/bengali/news-48289766,সাইবার নিরাপত্তার জন্য যুক্তরাষ্ট্রে জরুরি অবস্থা ঘোষণা করেছেন প্রেসিডেন্ট ট্রাম্প,"মার্কিন প্রেসিডেন্ট ডোনাল্ড ট্রাম্প দেশটির কম্পিউটার নেটওয়ার্ককে ""বিদেশি প্রতিপক্ষ"" থেকে রক্ষা করার জন্য জরুরি অবস্থা ঘোষণা করেছেন।"
https://www.bbc.com/bengali/news-42326655,ভারতে টিভিতে কন্ডোমের বিজ্ঞাপন শুধু রাতে,ভারতের তথ্য ও সম্প্রচার মন্ত্রণালয় বলেছে ভোর ছটা থেকে রাত দশটা পর্যন্ত কোন টিভি চ্যানেলে কন্ডোমের বিজ্ঞাপন দেখানো যাবে না।
https://www.bbc.com/bengali/news-51750993,বাংলাদেশ বনাম জিম্বাবুয়ে: মাশরাফী বিন মোর্ত্তজা অধিনায়ক হিসেবে শুক্রবার শেষ ম্যাচ খেলবেন বলে ঘোষণা দিয়েছেন,"জিম্বাবুয়ের বিপক্ষে তৃতীয় ওয়ানডে ম্যাচের আগে সংবাদ সম্মেলনে মাশরাফী বিন মোর্ত্তজা ঘোষণা দেন, শুক্রবারের ম্যাচটিই অধিনায়ক হিসেবে তাঁর শেষ ম্যাচ।"
https://www.bbc.com/bengali/news-51030312,"কাসেম সোলেইমানি: ইরানের সর্বোচ্চ নেতা আয়াতোল্লাহ খামেনি বললেন, 'আমেরিকার মুখে চড় মেরেছি'","ইরানের সর্বোচ্চ নেতা আয়াতোল্লাহ আলী খামেনি বলেছেন, ইরাকে মার্কিন ঘাঁটিতে হামলার মাধ্যমে তারা আমেরিকার 'মুখে চপেটাঘাত' করেছেন।"
https://www.bbc.com/bengali/news-51431991,রংপুর মেডিকেল কলেজে ভর্তি হওয়া এক চীনফেরত ছাত্রকে নিয়ে তোলপাড়,চীনফেরত এক শিক্ষার্থীকে রংপুর মেডিকেল কলেজ হাসপাতালে ভর্তির পর সেখানে তোলপাড় চলছে।
https://www.bbc.com/bengali/news-46009277,"বিপিএল ২০১৯- এর নিলাম: আফ্রিদি, আশরাফুল, মুশফিকুর রহিম - কে কোন দলে",আজ অনুষ্ঠিত হয়েছে বাংলাদেশ প্রিমিয়ার লিগের ২০১৯ মৌসুমের নিলাম।
https://www.bbc.com/bengali/news-46057267,আলোচনায় কতটা ছাড় দেবেন প্রধানমন্ত্রী শেখ হাসিনা?,"বাংলাদেশ জাতীয় ঐক্য ফ্রন্টের সঙ্গে প্রধানমন্ত্রী শেখ হাসিনার নেতৃত্বে সরকারী দলের যে সংলাপ হবে আজ বৃহস্পতিবার সন্ধ্যায়, সেখানে কতটা ছাড় দিতে রাজী আওয়ামী লীগ?"
https://www.bbc.com/bengali/news-43170672,বাঁচা-মরার ঝুঁকি মাথায় নিয়ে ফুটবল খেলছেন আফগান নারীরা,"তাদের লক্ষ্য করে থুথু ছোঁড়া হতো, ঢিল মারা হতো, পথের পাশে বোমা পুঁতে রাখা হতো।"
https://www.bbc.com/bengali/news-41068828,রানির প্রাসাদের কাছে তরবারি ঘুরিয়ে 'আল্লাহু আকবর',শুক্রবার লন্ডনের বাকিংহাম প্রাসাদের সামনে ৪ ফুট লম্বা তরবারি ঘুরিয়ে তিনজন পুলিশ কর্মকর্তাকে জখম করার ঘটনায় দ্বিতীয় একজন ব্যক্তিকে রবিবার গ্রেফতার করা হয়েছে।
https://www.bbc.com/bengali/news-49440609,ডেঙ্গু জ্বর: ব্যর্থতা থেকে কী শিক্ষা নিচ্ছে সিটি কর্পোরেশনসহ স্থানীয় সরকার প্রতিষ্ঠানগুলো?,ডেঙ্গু নিয়ে সতর্ক করতে ও মানুষের মধ্যে আতঙ্ক কাটাতে গণমাধ্যম ও সামাজিক যোগাযোগ মাধ্যমে ঈদ উল আযহার আগে থেকেই বিজ্ঞাপন প্রচার শুরু করেছিলো ঢাকা উত্তর সিটি কর্পোরেশন।
https://www.bbc.com/bengali/news-51413691,মিজানুর রহমান আজহারি কি সত্যি মালয়েশিয়া গেছেন?,বাংলাদেশের একজন ধর্মীয় বক্তা মিজানুর রহমান আজহারি মালয়েশিয়া চলে যাওয়ার ঘোষণা দেয়ার পর তাকে নিয়ে সামাজিক মাধ্যমে ব্যাপক আলোচনা শুরু হয়েছে।
https://www.bbc.com/bengali/news-50892935,ইরাকে আবার ইসলামিক স্টেটের পুনরুত্থানের আশংকা,"ইরাকে ইসলামিক স্টেট যে আবার নতুন করে সংগঠিত হচ্ছে, তার জোরালো ইঙ্গিত পাওয়া যাচ্ছে।"
https://www.bbc.com/bengali/news-48290970,ইন্দোনেশিয়ার নির্বাচনে পাঁচশো'র বেশি কর্মকর্তা কেন মারা গেলেন?,"গত মাসে ইন্দোনেশিয়ায় রাষ্ট্রপতি, জাতীয় ও আঞ্চলিক নির্বাচন অনুষ্ঠিত হয়। একদিনে এত বড় ভোট প্রক্রিয়া পৃথিবীতে খুব একটা দেখা যায় না।"
https://www.bbc.com/bengali/news-57127385,করোনা ভাইরাস: বাংলাদেশে শনাক্ত ও মৃতের সংখ্যা কয়েক মাসে সর্বনিম্ন,বাংলাদেশে করোনাভাইরাসে আক্রান্ত হয়ে গত ২৪ ঘণ্টায় ২২ জনের মৃত্যু হয়েছে বলে স্বাস্থ্য অধিদপ্তর জানিয়েছে।
https://www.bbc.com/bengali/news-41064935,"টেক্সাসে প্রবল বন্যার আশঙ্কা,সরানো হচ্ছে বন্দীদের","গত ১৩বছরের মধ্যে সবচেয়ে বড় ঘূর্ণিঝড় ক্যাটেগরি ফোর হারিকেন 'হার্ভে' যতটা না ক্ষতি করেছে, তারচেয়ে বড় হয়ে দেখা দিয়েছে এখন হঠাৎ বন্যার ভয়।"
https://www.bbc.com/bengali/news-51401402,বাবরি মসজিদ: নতুন মসজিদের জমি অযোধ্যা থেকে প্রায় ২৫ কিলোমিটার দূরে দেয়ায় মুসলিম সংগঠনের ক্ষোভ,ভারতের অযোধ্যায় ভেঙে ফেলা বাবরি মসজিদ থেকে প্রায় ২৫ কিলোমিটার দূরে নতুন মসজিদ তৈরির জন্য সরকার জমি বরাদ্দ করার পর দেশের বেশ কয়েকটি প্রভাবশালী মুসলিম সংগঠন তা গ্রহণ করতে অস্বীকার করেছে।
https://www.bbc.com/bengali/news-41920589,বিজ্ঞানীরা বলছেন ভেড়া 'মানুষের মুখ চিনতে পারে',এক গবেষণায় দেখা যাচ্ছে ভেড়া মানুষের মত পরিচিত মুখ দেখলে তা চিনতে পারার ক্ষমতা রাখে।
https://www.bbc.com/bengali/news-54743751,লালমনিরহাট নৃশংস হামলা: পিটিয়ে ও আগুনে পুড়িয়ে হত্যা করা এই ব্যক্তি কে ছিলেন,লালমনিরহাট জেলার পাটগ্রামে এক ব্যক্তির বিরুদ্ধে ধর্ম অবমাননার অভিযোগ তুলে তাকে পিটিয়ে হত্যা এবং পরে তার লাশ আগুনে পুড়িয়ে ফেলার ঘটনা হতবাক করেছে সাধারণ মানুষকে।
https://www.bbc.com/bengali/news-44598319,আর্জেন্টিনা দলের উপর বেশ ক্ষেপেছেন ম্যারাডোনা,মঙ্গলবার নাইজেরিয়ার বিপক্ষে ম্যাচের আগে ডিয়েগো ম্যারাডোনা আর্জেন্টিনার খেলোয়াড়দের সাথে দেখা করার জন্য অনুরোধ জানিয়েছেন।
https://www.bbc.com/bengali/news-46463754,রুবি মেরি: ব্রিটিশ বাংলাদেশী নারী যিনি বলছেন বিয়ের পর প্রতিদিন ধর্ষণের শিকার হয়েছেন,"রুবি মেরির জন্ম হয়েছিল ব্রিটেনের সাউথ ওয়েলসে, যেখানে তার চমৎকার শৈশব কেটেছে। কিন্তু সবকিছুই বদলে গেলো যখন সে সাবালিকা হলো।"
https://www.bbc.com/bengali/news-47863942,খালেদা জিয়া: প্যারোল ও জামিনের মধ্যে পার্থক্য কী?,বাংলাদেশে দুর্নীতির দায়ে সাজাপ্রাপ্ত হয়ে কারাগারে আটক থাকা বিএনপি চেয়ারপার্সন খালেদা জিয়ার মুক্তির বিষয়ে রাজনৈতিক অঙ্গনে নানা ধরণের আলোচনা হচ্ছে।
https://www.bbc.com/bengali/news-45334100,বাংলাদেশে আটক শিক্ষার্থীদের জামিন: কঠোর সরকার হঠাৎ নমনীয় কেন?,বাংলাদেশে সাম্প্রতিক সময়ে কোটা সংস্কার আন্দোলন ও নিরাপদ সড়কের দাবীতে গড়ে উঠা আন্দোলনের জের ধরে যাদের আটক করা হয়েছিলো তাদের প্রায় সবাই জামিনে মুক্তি পেয়েছেন।
https://www.bbc.com/bengali/news-50804643,ব্রিটিশ সাধারণ নির্বাচন ২০১৯: কম্পিউটার যেভাবে নির্বাচনের ফল নিয়ে বিবিসির প্রতিবেদন লিখলো,"যুক্তরাজ্যের প্রতিটি নির্বাচনী এলাকার প্রকাশিত ফলের উপর ভিত্তি করে, প্রথমবারের মত বিবিসি নিউজ এমন একটি প্রতিবেদন প্রকাশ করেছে যেটি পুরোটাই লিখেছে কম্পিউটার।"
https://www.bbc.com/bengali/news-54637809,ডিপফেক: সোশ্যাল মিডিয়ায় লক্ষ নারীর ভুয়া পর্ন ভিডিও,সারা বিশ্বের সোশাল মিডিয়া থেকে এক লক্ষেরও বেশি নারীর ছবি সংগ্রহ করে সেগুলো দিয়ে ভুয়া নগ্ন ছবি তৈরি করা হচ্ছে এবং অনলাইনে তা শেয়ার করা হচ্ছে বলে এক রিপোর্টে জানা যাচ্ছে।
https://www.bbc.com/bengali/news-55075456,পেঁয়াজ বীজ চাষ করে কোটি টাকার ব্যবসা গড়ে তুলেছেন সাহিদা বেগম,পেঁয়াজের বীজ চাষ করে আত্মনির্ভরশীল তো বটেই বরং অনন্য উদাহরণ স্থাপন করেছেন বাংলাদেশের ফরিদপুর জেলার সাহিদা বেগম।
https://www.bbc.com/bengali/news-48274760,ঈদকে ঘিরে সালামি প্রথার একাল সেকাল,ঈদে আনন্দ উৎসবের অন্যতম অনুষঙ্গ জুড়ে আছে সালামি বা ঈদি। ঈদকে ঘিরে কয়েক ধরেই চলে এই সালামি দেয়া নেয়ার পালা।
https://www.bbc.com/bengali/news-37527978,কাশ্মীর উত্তেজনায় পাকিস্তানে বন্ধ ভারতীয় সিনেমা,ভারত-পাকিস্তান সীমান্তে উত্তেজনার প্রভাব পড়েছে দুই দেশের বিনোদন জগতেও। কিছুদিন আগে ভারত থেকে পাকিস্তানি তারকাদের ফেরত পাঠানোর কথা বলেছিল ভারত।
https://www.bbc.com/bengali/news-56467992,কুমিল্লায় যুবলীগ নেতার মিছিলে গাড়ি তুলে দেয়ার পর অস্ত্র হাতে নাচছিলেন কাউন্সিলর,একজন যুবলীগ নেতার ওপর হামলার পরে কয়েকজনের সঙ্গে ধারালো অস্ত্র নিয়ে কুমিল্লা সিটি কর্পোরেশনের একজন কাউন্সিলরের নাচানাচি করার একটি ভিডিও ভাইরাল হয়েছে। হামলার ঘটনায় ওই কাউন্সিলরকে গ্রেপ্তার করেছে পুলিশ।
https://www.bbc.com/bengali/news-51136439,পুতিনের ক্ষমতা অব্যাহত রাখার জন্যই কি রাশিয়ায় সংবিধান পরিবর্তন?,"প্রেসিডেন্টের একটি ভাষণ। সাংবিধানিক পরিবর্তনের রূপরেখা ঘোষণা। তার কিছু পরই প্রধানমন্ত্রীর পদত্যাগ, পুরো মন্ত্রিসভার পদত্যাগ। নিযুক্ত হলেন নতুন একজন প্রধানমন্ত্রী।"
https://www.bbc.com/bengali/news-46002945,ভারতের দিল্লি বিশ্ববিদ্যালয়: 'আমি কেন হিন্দু নই' বইটি পাঠ্যক্রম থেকে বাদ পড়ছে কেন?,ভারতের দিল্লি বিশ্ববিদ্যালয় তাদের পাঠ্যক্রম থেকে কয়েকটি বই বাদ দিতে চলেছে।
https://www.bbc.com/bengali/news/2015/06/150608_pg_bangladesh_india_transport,'নিজের গাড়িতেই বেড়ানো যাবে ভারত-নেপাল-ভুটান',"বাংলাদেশ, ভারত, নেপাল ও ভূটানের মধ্যে সড়কপথে পণ্য ও যাত্রীবাহী যান চলাচল উন্মুক্ত করে দেবার লক্ষ্যে এক চুক্তির খসড়া আজ বাংলাদেশের মন্ত্রীসভায় অনুমোদিত হয়েছে।"
